{"pdb_file": "2pwz_G.pdb", "sim_time": 0.01, "repeat": 0, "single_time": 144.81301672710106, "multi_time": 156.23410932067782}
{"pdb_file": "2pwz_G.pdb", "sim_time": 0.01, "repeat": 1, "single_time": 165.9806628418155, "multi_time": 167.2715430520475}
{"pdb_file": "2pwz_G.pdb", "sim_time": 0.1, "repeat": 0, "single_time": 314.84411753341556, "multi_time": 298.3554240670055}
{"pdb_file": "2pwz_G.pdb", "sim_time": 0.1, "repeat": 1, "single_time": 325.2623077449389, "multi_time": 308.5048974836245}
